t,x,y
0.0,1.15172400420925,0.38290486396924117
0.0,0.7068949868551861,0.9694813441753038
0.0,0.8820991398918605,0.6201412476480299
0.0,0.858771805736458,0.6018265171855636
0.0,1.1223767272782617,0.2857953260880992
0.0,0.75257770802713,0.7098028330689208
0.0,1.1342229245102744,0.7245525390312971
0.0,1.0748706977561346,0.6572421586415494
0.04216902890724555,0.8813237012669395,0.13596477507319943
0.04216902890724555,0.8313415811915212,0.30088479622264136
0.04216902890724555,0.7124109995289141,1.0898507875406003
0.04216902890724555,1.008913351852978,0.3259172430729147
0.04216902890724555,0.8652196115170754,0.7048980325534138
0.04216902890724555,0.7974203501848316,0.1573887447086086
0.04216902890724555,0.9679719350140765,0.3699279972206737
0.04216902890724555,0.8240303250709099,0.2788255841746372
0.0843380578144911,0.7638396834318274,0.6914807130998304
0.0843380578144911,1.3001506100573441,0.4845535652950648
0.0843380578144911,0.6208257908145126,0.7789885148474274
0.0843380578144911,0.41448531229794316,0.7698125675533992
0.0843380578144911,0.3540455836559576,0.6398310633036907
0.0843380578144911,0.7607362188359721,0.6425942828130377
0.0843380578144911,0.10003479600568377,0.6818975973172816
0.0843380578144911,0.4686245215580282,0.8777328868746883
0.12650708672173663,0.8685675129875651,0.3535625172124469
0.12650708672173663,0.6933780418045372,0.6718012492144697
0.12650708672173663,0.8054969002267913,0.6019630083804717
0.12650708672173663,0.7213793920984823,1.0804366039839972
0.12650708672173663,0.9768359859053181,0.5191534029935458
0.12650708672173663,-0.07599415765294215,0.853073441754288
0.12650708672173663,-0.2511157864397362,1.0723753443845765
0.12650708672173663,0.918928737689135,0.8254804552466986
0.1686761156289822,0.843201300396041,1.5670787352737765
0.1686761156289822,0.5752575103952112,0.7710989781796821
0.1686761156289822,0.6581725499673221,0.86738605051932
0.1686761156289822,0.4987040233919324,0.9743503634126405
0.1686761156289822,1.2661556803467056,1.3228423208869549
0.1686761156289822,0.32018816071131195,1.0497908919909653
0.1686761156289822,1.0799301980149887,1.1733971040576223
0.1686761156289822,1.4248215671015583,1.4684431991292688
0.21084514453622774,1.0423850560986339,0.9519222085142615
0.21084514453622774,0.9568586604272122,0.9421555694751595
0.21084514453622774,0.7962147758127752,0.9055912726309335
0.21084514453622774,0.6357543247857267,0.3808134249920815
0.21084514453622774,0.606612953848819,1.3854290393183328
0.21084514453622774,0.626001651620944,0.7181805340982169
0.21084514453622774,0.7277416132505946,0.9261705649176186
0.21084514453622774,0.8761791747423519,0.6819123312087715
0.25301417344347327,0.8605664158772279,0.3349019113293437
0.25301417344347327,0.7674471023665393,0.6680805077912608
0.25301417344347327,1.054569869261162,1.429045270329869
0.25301417344347327,0.6425520404910381,0.9545343069430001
0.25301417344347327,0.5326464975211089,1.1776825443958954
0.25301417344347327,0.7995186906123379,0.48824175133480596
0.25301417344347327,0.7246092545550911,0.8490859854059631
0.25301417344347327,0.447497795464032,1.0535488895144658
0.2951832023507188,0.4957665144035037,1.0267016095106682
0.2951832023507188,0.5626727805402693,0.8144341155863786
0.2951832023507188,0.5413974193338114,0.9136507539718293
0.2951832023507188,0.19549739488176204,0.8001950467049009
0.2951832023507188,0.8868890645805514,1.3383464101594953
0.2951832023507188,0.4655731844390103,1.3120858892932081
0.2951832023507188,0.08005723941856324,0.7818876037968956
0.2951832023507188,0.21567380690856786,1.0122243289388397
0.3373522312579644,0.3643900538555383,1.319078456986757
0.3373522312579644,0.3284431548244654,1.3390301506486915
0.3373522312579644,9.700474925000702e-05,1.2889500231456577
0.3373522312579644,0.3162780610356685,0.9819114585751746
0.3373522312579644,0.14905357804927544,0.8779242300509218
0.3373522312579644,-0.0662859899014876,1.1777464854828419
0.3373522312579644,0.6143553236030866,0.9232183434241445
0.3373522312579644,0.6314244477223827,0.809000559694859
0.37952126016520993,0.31524603981757493,1.0614017438176562
0.37952126016520993,0.476611152586518,0.6393581994977631
0.37952126016520993,0.2702691273681943,1.4569040184398934
0.37952126016520993,0.062214245074500074,1.3409911568595199
0.37952126016520993,0.04134108400637715,1.0637588337358803
0.37952126016520993,-0.2487879102377557,1.3653343039764418
0.37952126016520993,-0.21302289135021624,1.3776878470152947
0.37952126016520993,0.1568322025638203,1.1265845667266827
0.4216902890724555,0.6392021032195105,1.5380516952386987
0.4216902890724555,0.7162065227573595,1.7327888936912
0.4216902890724555,0.35968288633078327,0.9939859009373925
0.4216902890724555,0.11773322691589838,1.396354675577371
0.4216902890724555,0.0890652183248859,0.8830076476372457
0.4216902890724555,0.16070907623680009,1.0676820608685864
0.4216902890724555,0.6855770335442759,1.929608062030395
0.4216902890724555,0.5285224286682905,1.033007509652481
0.46385931797970104,0.19367452983214647,1.0634380834302801
0.46385931797970104,-0.09845141809273764,0.9424078683600702
0.46385931797970104,-0.0186646026147875,1.3717287359658956
0.46385931797970104,-0.14826344558624113,1.1282933973425457
0.46385931797970104,0.1681333523134911,1.1217806053220662
0.46385931797970104,-0.436064553207125,1.3106255987461009
0.46385931797970104,0.18226377972091537,0.9499693395922292
0.46385931797970104,-0.03073168286488792,1.2797778134689999
0.5060283468869465,-0.049619909138924397,1.270000005209963
0.5060283468869465,0.10563132835108904,1.0082101849123202
0.5060283468869465,-0.3100561910727221,1.2947274968000568
0.5060283468869465,-0.5571614869850622,1.4837697346618397
0.5060283468869465,-0.9433040858710446,1.5666424335781395
0.5060283468869465,-0.7449036602048197,1.3715851523078213
0.5060283468869465,-0.015943539487927212,1.3925642752597869
0.5060283468869465,0.5015438628326983,1.7807031787188303
0.5481973757941921,0.07088891770403112,1.1235764500811756
0.5481973757941921,-0.24249208657965554,1.150424898420688
0.5481973757941921,-0.840320435947536,1.220643602450022
0.5481973757941921,-0.15815149919215266,1.28403430669373
0.5481973757941921,0.15567189022311856,1.614375392962863
0.5481973757941921,-0.1750365360557115,2.277288726517243
0.5481973757941921,-0.6719863263459689,1.5695646692090173
0.5481973757941921,-0.5864788243899693,1.2416515449018304
0.5903664047014376,-0.1812136306789584,1.3208562903943637
0.5903664047014376,-0.037891468807237955,1.3194870520743551
0.5903664047014376,-0.16221049189345077,1.1765279681371879
0.5903664047014376,-0.27801472110320247,1.3960744924760444
0.5903664047014376,-0.3459074222933198,1.1460986713426735
0.5903664047014376,-0.6598613228867927,1.4216026503295423
0.5903664047014376,-0.01130077533638682,2.0015993555170986
0.5903664047014376,-0.28316200688565096,1.4706034163629542
0.6325354336086833,-0.6041683269169149,2.452965463340692
0.6325354336086833,0.2840268256203225,2.2193570447895925
0.6325354336086833,-0.2152521989165594,1.0945432264376362
0.6325354336086833,-0.5326586294576815,1.5682782438085336
0.6325354336086833,-0.5527330890989983,2.299850084723014
0.6325354336086833,-0.43407827861537335,1.109188175354732
0.6325354336086833,-0.1514225390691591,1.7617649025957511
0.6325354336086833,-0.7486886499468832,1.5159258236241837
0.6747044625159287,-0.7711712194980076,1.5041831491730557
0.6747044625159287,-0.7936793461072009,1.26926373656242
0.6747044625159287,-0.5630671084156719,1.4768339792226501
0.6747044625159287,-0.5464917562742257,1.0770446334177721
0.6747044625159287,-0.38820914274738916,1.9387216513232985
0.6747044625159287,-0.7935932781038675,1.5851652131143141
0.6747044625159287,-0.340300919470098,1.4467877528576845
0.6747044625159287,-0.3764968453154377,1.5768307652656917
0.7168734914231742,-1.2055819008951172,1.5634588617305667
0.7168734914231742,-1.1874761312457403,1.3291533794434554
0.7168734914231742,-1.2742117565770097,1.5667298709934006
0.7168734914231742,-0.45806581711641003,1.5951042248762834
0.7168734914231742,-0.6679491640491865,1.5866313764458657
0.7168734914231742,-0.3891062174482841,1.6313049322811084
0.7168734914231742,-0.1166476645433297,1.9888870435067192
0.7168734914231742,-1.1099100562091908,1.9865777997149496
0.7590425203304199,-0.6549902795266931,1.7790123023456372
0.7590425203304199,-1.1131753916228504,1.4989859896418627
0.7590425203304199,-0.6370533126287352,1.9424760130842955
0.7590425203304199,-1.5214701392526748,1.9704587805328977
0.7590425203304199,-0.7615843399375444,0.9965837661717266
0.7590425203304199,-1.109917088736935,1.4484561408109884
0.7590425203304199,-0.3660975695731269,1.9621650184301922
0.7590425203304199,-1.1872298631721954,1.6794499562573764
0.8012115492376654,-0.5664719972855026,1.501754491888385
0.8012115492376654,-0.9007305422650238,1.8871803411077503
0.8012115492376654,-1.5009536969629664,2.3501708711651115
0.8012115492376654,-0.5644473571852575,1.5311641855422389
0.8012115492376654,-0.41764149316300725,1.8504477966243238
0.8012115492376654,-0.451591796784107,1.4034462769636449
0.8012115492376654,-1.0049136064477318,1.4159653738277116
0.8012115492376654,-0.6635017703080289,1.2583620543421004
0.843380578144911,-0.7836734473777794,1.2520493541958255
0.843380578144911,-1.485772602211068,1.9141586231439234
0.843380578144911,-1.2298704223838652,1.3161807863782862
0.843380578144911,-1.2386844607661094,1.2026104432830027
0.843380578144911,-0.6768689959235061,1.3619635465881237
0.843380578144911,-0.931857621498092,1.2276967773041492
0.843380578144911,-0.6717059727257936,1.567042547494654
0.843380578144911,-1.264539252312595,1.2344293836979485
0.8855496070521565,-1.7183251218386308,1.4928458746937112
0.8855496070521565,-0.8969192431682035,1.452403920774299
0.8855496070521565,-0.6515651276627813,1.3023456505713455
0.8855496070521565,-1.0715101870138777,1.199482438987562
0.8855496070521565,-0.4427475275327596,2.0352838536009443
0.8855496070521565,-1.1060108714744579,1.2590717954249009
0.8855496070521565,-0.9326945815390486,1.582810904703536
0.8855496070521565,-1.2464716302788166,1.4023068288454226
0.9277186359594021,-0.8962534012870123,1.4960326255721843
0.9277186359594021,-1.7009199261888615,1.5246893842689693
0.9277186359594021,-1.3739565864133618,1.3386443034903825
0.9277186359594021,-1.120572882173511,1.0573085695605253
0.9277186359594021,-1.1323196360117005,1.2909944877623714
0.9277186359594021,-1.2346708020149018,1.427052624738593
0.9277186359594021,-1.100916276423226,1.0857627500417513
0.9277186359594021,-1.1864535627352766,2.0795247916563264
0.9698876648666476,-1.1730608037635473,1.6403906289782852
0.9698876648666476,-1.7249224284459732,1.8348583056952363
0.9698876648666476,-1.0410559345807358,1.1364563213389487
0.9698876648666476,-1.3994483684489722,1.146092486096125
0.9698876648666476,-0.5073518586176174,2.4270742098668596
0.9698876648666476,-0.8080686089757074,1.3874591075769513
0.9698876648666476,-0.936627224043072,1.3069131965785974
0.9698876648666476,-1.4015319466065845,1.8776587279660806
1.012056693773893,-1.0493607791437132,1.0924901806680642
1.012056693773893,-0.8880290101079451,1.6967160479872507
1.012056693773893,-0.8518012722233528,1.5366133133381386
1.012056693773893,-1.0023174735868856,1.3324991233809524
1.012056693773893,-1.385369527032331,1.7019082938763548
1.012056693773893,-1.6329861983370861,1.7268071456572
1.012056693773893,-0.932278771818168,1.9810277218356511
1.012056693773893,-1.6004406418515316,1.6102061518426596
1.0542257226811387,-1.2327320073945642,1.123412498685782
1.0542257226811387,-0.9453934574154227,1.4541425739077778
1.0542257226811387,-0.8125756932342668,1.3945853554354726
1.0542257226811387,-1.3530837472682233,2.0900658098856963
1.0542257226811387,-0.7190274679977214,1.7179555992054358
1.0542257226811387,-1.19020942000339,1.4082001587295403
1.0542257226811387,-1.2850740739728383,1.0883832249558514
1.0542257226811387,-1.0178148072871802,1.2632261729173728
1.0963947515883843,-1.4915210694385967,1.85400928571694
1.0963947515883843,-1.1862984444837825,1.5178222569645725
1.0963947515883843,-2.3757169168509353,1.4314108378577846
1.0963947515883843,-1.2339035732174715,1.0019014350494335
1.0963947515883843,-1.666966445840147,1.4020168841863474
1.0963947515883843,-1.2763966393606445,1.3817681651813039
1.0963947515883843,-1.0117599078779078,1.1902206919486675
1.0963947515883843,-1.0055284932234783,1.0594183945382252
1.1385637804956297,-1.6347569132802895,1.426045598376597
1.1385637804956297,-1.1168751178913316,0.9563897155462526
1.1385637804956297,-1.2128229266601558,1.3004254479625401
1.1385637804956297,-0.7759722202802766,1.3244656808402908
1.1385637804956297,-0.7330787026944898,1.359746595832321
1.1385637804956297,-1.18407454565247,1.8099766206552825
1.1385637804956297,-1.21190191325807,1.0994098576448965
1.1385637804956297,-0.7610164847931082,1.2305947387470364
1.1807328094028753,-0.8712971964858847,1.4932543096336346
1.1807328094028753,-1.3125639717359898,1.1457361399997505
1.1807328094028753,-1.1062549043283727,1.4938830067566466
1.1807328094028753,-0.5089878237602791,1.3288510032046497
1.1807328094028753,-0.8226686437576421,1.7867631529437515
1.1807328094028753,-1.1826842758368414,0.7580465134724332
1.1807328094028753,-1.310651673277232,0.8640886326030293
1.1807328094028753,-0.8020492511288222,1.2594698576217467
1.222901838310121,-0.8644998019332594,1.1559795617716602
1.222901838310121,-0.5356792396215848,1.5098252531853975
1.222901838310121,-0.4647934489308181,1.126673889934903
1.222901838310121,-0.7400838819025517,0.8528214005219299
1.222901838310121,-1.4403545841029866,1.5519549578863496
1.222901838310121,-0.8104107732714645,0.9354587046255183
1.222901838310121,-0.8070726491422018,0.7832230174181356
1.222901838310121,-1.8096041589312053,1.2831469859005984
1.2650708672173665,-1.2547597870951201,1.6962048642399585
1.2650708672173665,-1.4387475101265261,1.4073142230114484
1.2650708672173665,-0.6536542567433531,0.7110513934009322
1.2650708672173665,-1.201080511809205,1.440051287051645
1.2650708672173665,-1.2214926319551358,0.9220559337865529
1.2650708672173665,-0.8454365430363182,1.85360865584915
1.2650708672173665,-0.7956183668279445,1.1087296396927653
1.2650708672173665,-0.6508496344281371,0.8007186586910084
1.3072398961246119,-0.9392290217410839,0.453442251120505
1.3072398961246119,-1.0734559164795114,1.2558302999136308
1.3072398961246119,-0.8142968061416574,0.8631312252128015
1.3072398961246119,-1.634992129721576,1.3606604244928455
1.3072398961246119,-1.4580703020601833,1.1368357742983888
1.3072398961246119,-0.6153581196416296,1.5131295749583802
1.3072398961246119,-0.6111399508460356,0.7750986445192309
1.3072398961246119,-0.5800868873787786,0.723188415112028
1.3494089250318575,-0.7627311643083721,1.4898037446048926
1.3494089250318575,-1.0665808492836912,0.9926642081174987
1.3494089250318575,-0.3430346130697973,0.8235897225862976
1.3494089250318575,-1.055979637160044,0.8611866618607493
1.3494089250318575,-0.699664972084068,0.5748698935990713
1.3494089250318575,-1.0042272832113235,1.0334289608105434
1.3494089250318575,-0.7801482700371851,0.7965632130411413
1.3494089250318575,-0.505173875777837,0.7681970839178407
1.391577953939103,-0.503570603221994,0.9643981005069143
1.391577953939103,-0.9812577156810827,1.5994217146176846
1.391577953939103,-1.045719342446693,0.7114893285928658
1.391577953939103,-0.495921242173885,0.6091423980104086
1.391577953939103,-1.0938919766764827,0.6350944815629834
1.391577953939103,-0.9921931858977544,1.3121766354172317
1.391577953939103,-1.5310832329270956,1.1510939531621012
1.391577953939103,-0.5017016770547302,0.7436718896703634
1.4337469828463485,-0.8534499141138401,1.093132761621486
1.4337469828463485,-0.31590555699926315,0.5611560001600716
1.4337469828463485,-0.25943303077521823,0.6306670099216558
1.4337469828463485,-0.37002826972308867,0.9270971274511934
1.4337469828463485,-0.8804218183581634,0.795755918798099
1.4337469828463485,-0.5181998017917376,0.7605534320149056
1.4337469828463485,-0.6603265014785684,1.4396540943327603
1.4337469828463485,-0.25931387769152514,0.4951679227933838
1.475916011753594,-1.125215422680185,0.8514230648257004
1.475916011753594,-0.4513128940734013,0.6388433188353575
1.475916011753594,-0.1938351849433756,1.0058423627173125
1.475916011753594,-0.7489196858940703,0.280134281602493
1.475916011753594,-0.47534324777943615,0.6797625590597642
1.475916011753594,-0.6811985328616106,0.7066686410346921
1.475916011753594,-0.16718214924522612,0.9801016458369451
1.475916011753594,-0.13061315230146867,0.7913897568644184
1.5180850406608397,-1.2263739638988815,0.7102942439598243
1.5180850406608397,0.05207480341680068,0.3340702063502573
1.5180850406608397,-0.42765805076686914,0.14504703717608047
1.5180850406608397,-0.024468032652628174,0.5969521632376251
1.5180850406608397,-0.6123291538138369,0.4611613062989839
1.5180850406608397,-0.24787014539110586,0.19521976038686784
1.5180850406608397,-0.2751116430406325,0.7364694245570625
1.5180850406608397,-0.0038869624858243468,1.4369066823534078
1.5602540695680853,-0.6754596584605006,0.35437064576586674
1.5602540695680853,0.2076998915150502,0.7056570722849358
1.5602540695680853,0.06402228180158277,1.4126217041976137
1.5602540695680853,-0.2177985118901946,0.6415786302400863
1.5602540695680853,-0.23541668516991887,0.37311025631393024
1.5602540695680853,-0.12205750559334434,0.4277891658728288
1.5602540695680853,0.1307087256090918,0.6875557825979425
1.5602540695680853,-0.252140303644097,0.17134068398918517
1.6024230984753307,0.23314577064156658,0.2797001287246987
1.6024230984753307,0.3750528768423047,0.7761672872049514
1.6024230984753307,0.18146345593770236,0.8666481979056206
1.6024230984753307,0.12117113494590298,0.72743316512518
1.6024230984753307,-0.20672564365591545,0.19669976050094118
1.6024230984753307,-0.012067891775933565,0.20445320283933127
1.6024230984753307,0.18460281218977698,0.27832817457982456
1.6024230984753307,-0.17409336652643426,0.5218497213499544
1.6445921273825763,0.295224090410246,0.2986903280845609
1.6445921273825763,0.016287985311229575,0.23903196944242106
1.6445921273825763,-0.46882487718431654,0.27263222127612535
1.6445921273825763,0.006923376821008548,0.1372816583178293
1.6445921273825763,0.0638788963604068,0.7009055001978524
1.6445921273825763,-0.013929046669839795,-0.0483263638528601
1.6445921273825763,0.1485297768184701,0.5483982679550019
1.6445921273825763,0.22505237891039728,0.026160061509881177
1.686761156289822,0.5439008527011453,0.26653753218532883
1.686761156289822,0.27195573681004276,0.4327876029351687
1.686761156289822,0.6865949349353296,0.35300693634689817
1.686761156289822,0.2601114302741592,0.6052222499576998
1.686761156289822,0.31301677413388773,0.004285032289821328
1.686761156289822,0.011399860257749639,0.4596740948353515
1.686761156289822,0.15560683239738915,0.016001442750720157
1.686761156289822,0.4694666068461113,-0.22657698203249638
1.7289301851970673,-0.34359605701165563,0.42483965909136584
1.7289301851970673,0.2720185000255969,1.61116044348152
1.7289301851970673,0.04908388869813396,0.30254379186881636
1.7289301851970673,0.24665531878110314,0.10620710670760508
1.7289301851970673,-0.34493612361728554,0.7339085811961221
1.7289301851970673,0.8615106574302541,0.5082564692746274
1.7289301851970673,0.4050717929846898,0.020013147347578086
1.7289301851970673,0.3806258740193964,0.10114649990766666
1.771099214104313,0.8541768584223532,0.2531898296441953
1.771099214104313,0.2889680568444664,0.5122054611998441
1.771099214104313,0.48105974680722724,0.2896136895076515
1.771099214104313,-0.2608333112770025,0.17701026089950106
1.771099214104313,0.6696916671845528,-0.35990610513012233
1.771099214104313,0.454741721671185,-0.3087183091552906
1.771099214104313,0.50043292294402,0.13727617878367465
1.771099214104313,0.561401197772732,0.2555842974078763
1.8132682430115585,0.6866909555983977,0.7929800978314586
1.8132682430115585,0.5146451199631787,-0.1762340216585192
1.8132682430115585,0.4853479664714586,-0.06375199054130487
1.8132682430115585,0.2197130724755797,-0.040229005023503295
1.8132682430115585,0.5985406227778411,-0.28131949436970477
1.8132682430115585,0.7501446490485857,-0.3098384046494783
1.8132682430115585,0.39907873311117126,0.6112749284012043
1.8132682430115585,0.8311864672259612,-0.06062929213988982
1.8554372719188041,0.4857483470269062,-0.12595678771596014
1.8554372719188041,1.1366279358608213,-0.13194351873554744
1.8554372719188041,0.7141226716116442,-0.2543269688400668
1.8554372719188041,0.7242562798396165,-0.29045212800455134
1.8554372719188041,0.43688578787879484,0.15653333774075362
1.8554372719188041,0.874336897735078,0.03760010773271372
1.8554372719188041,0.3223296501582543,0.1868431074136564
1.8554372719188041,0.8749068712994348,-0.01783781936049289
1.8976063008260495,0.5154724529533462,-0.18909170074042558
1.8976063008260495,0.9662491552508374,0.3480062413186942
1.8976063008260495,0.32661742506861047,-0.1727172409751715
1.8976063008260495,0.6475884290645846,0.19004234969732114
1.8976063008260495,0.9739078096681761,0.18146173709640312
1.8976063008260495,0.588409452601625,-0.21149283957883436
1.8976063008260495,0.7373487750667411,-0.3798026068516143
1.8976063008260495,0.36051532076264303,-0.4147978212120245
1.9397753297332951,0.6737066514904375,0.15957962911037726
1.9397753297332951,0.965565010885531,-0.34960828445307524
1.9397753297332951,0.8789664919731259,-0.7018715116549393
1.9397753297332951,0.8037713601588109,-0.33555366471247106
1.9397753297332951,0.5531493817572184,-0.31636030647290375
1.9397753297332951,0.38461926743627717,0.11888610210514772
1.9397753297332951,0.9230400976195978,0.1481486528167022
1.9397753297332951,0.8135625847279518,-0.5002906974544943
1.9819443586405407,1.148272000728479,0.21340618031982628
1.9819443586405407,0.7235993745853513,-0.43421758664148913
1.9819443586405407,0.7510412358949629,-0.2197459075523177
1.9819443586405407,0.6907379384170913,-0.6447204144749605
1.9819443586405407,1.423161682112939,0.001681262441465714
1.9819443586405407,0.8573845168351546,-0.6429453916014874
1.9819443586405407,0.9969249812224448,-0.17182732768836306
1.9819443586405407,0.808113419912689,-0.1452136960106838
2.024113387547786,0.6355222006736211,0.0780387410406298
2.024113387547786,0.7221622564248782,-0.49275040063081393
2.024113387547786,0.6283224290816496,-0.41313166585288763
2.024113387547786,0.4072997260593557,-0.3578541907692414
2.024113387547786,1.2944862560261305,0.2005148392284607
2.024113387547786,0.8600190878870997,-0.7932384644774674
2.024113387547786,0.2868139053997083,0.020160768700262288
2.024113387547786,1.1179949342947098,-0.5592294774866421
2.066282416455032,1.0165994559289926,0.247756537479073
2.066282416455032,1.0460057273023586,-0.6281329354372633
2.066282416455032,0.6230076719749778,-0.2700269449929792
2.066282416455032,0.8838103152286785,0.35677049246646153
2.066282416455032,0.15248657463556958,-0.14916233559975933
2.066282416455032,1.0162254744944959,0.049695540601697674
2.066282416455032,1.2606395749527255,0.3631328879720127
2.066282416455032,1.3198647463146873,-0.03303174061024294
2.1084514453622774,1.2367959678224516,-0.5301481875585281
2.1084514453622774,1.2686673689780963,0.04467709084819471
2.1084514453622774,0.9681478978380842,-0.5879929423919381
2.1084514453622774,1.2092732850498649,-0.4344797781120481
2.1084514453622774,0.8542522042259242,-0.46526775298794665
2.1084514453622774,0.9023082908361376,0.19495616535406002
2.1084514453622774,1.0465891071109736,-0.4344946662512067
2.1084514453622774,1.2129391401928735,-0.0005698373298507198
2.1506204742695227,0.18345095971770797,0.28993518304471133
2.1506204742695227,0.9588853719974355,-0.6109805605964866
2.1506204742695227,0.6061369542348305,-0.7645007504415494
2.1506204742695227,1.3115139064110313,-0.49748304758441314
2.1506204742695227,0.8651815461170556,-0.7043779727604058
2.1506204742695227,0.9483913527190135,-0.7499404236769651
2.1506204742695227,1.2210582047618808,-0.11575539954035852
2.1506204742695227,0.9773928063440995,-0.5949261852942831
2.1927895031767686,0.9470947137355321,-0.4014969397433811
2.1927895031767686,0.8325581710233911,-0.26686635797367353
2.1927895031767686,1.303625464060079,-0.22636137430995706
2.1927895031767686,0.18647803221546166,-0.2528092028944956
2.1927895031767686,0.7355952999910463,-0.2705757743460431
2.1927895031767686,1.2318499524560238,-0.26626967864674833
2.1927895031767686,1.1383960309410253,-0.531193262107997
2.1927895031767686,0.9175892531255405,-1.0000247820549972
2.234958532084014,0.8075663630628707,-0.5880575191352073
2.234958532084014,0.9584875548332207,-0.30100251178285764
2.234958532084014,0.7237473370832723,-0.793050602462625
2.234958532084014,0.8728990563618847,-0.9642775182973837
2.234958532084014,0.6929400551930088,0.22296814268426657
2.234958532084014,0.10338612851491524,-0.314767501716278
2.234958532084014,0.9737274398904382,-0.7705923066708563
2.234958532084014,0.6322286618844504,-0.7345295098232519
2.2771275609912593,0.3421866265184835,-0.24858908383210032
2.2771275609912593,0.6033465950965782,-0.2496888540729989
2.2771275609912593,0.6796169309894861,-0.9564129955692195
2.2771275609912593,0.3017578582107596,-0.27544422579016803
2.2771275609912593,0.0817065178133265,0.2739913223369397
2.2771275609912593,0.783447520064024,-0.6488203886874244
2.2771275609912593,0.5875364319592529,-0.6731238164624411
2.2771275609912593,0.7551200746450882,-0.7062289147581652
2.319296589898505,0.7230737119185184,-0.9870525059660248
2.319296589898505,0.5854287490092518,-0.6057466219448823
2.319296589898505,0.6311073617904891,-0.5270626894093198
2.319296589898505,0.53965023671832,-0.5640303381812772
2.319296589898505,0.5930311988828167,-1.0888864501965922
2.319296589898505,0.5417464351643171,-0.7974552855716013
2.319296589898505,0.6912561765622647,-0.9404640796734034
2.319296589898505,0.859198306514487,-0.8514364868094583
2.3614656188057506,-0.1787677653521561,-0.038281583405112785
2.3614656188057506,0.2010983763938905,-0.4336303053285816
2.3614656188057506,0.16199030413785465,-0.6653744940172666
2.3614656188057506,0.23880474453478429,-0.6175566619411004
2.3614656188057506,0.39463999330653204,-0.311926497795152
2.3614656188057506,0.1515877785456633,-0.22888095695832622
2.3614656188057506,0.8091479920486533,0.02249281605708886
2.3614656188057506,0.8237115113336836,0.2810353528841024
2.403634647712996,0.5883237657033408,-0.42302223829225716
2.403634647712996,0.4716957788117933,-0.9429052176865585
2.403634647712996,0.7119991527993904,-0.5375517558110874
2.403634647712996,0.868609336642267,-0.17377021419753824
2.403634647712996,0.6420068345784979,0.08961093090478145
2.403634647712996,0.1451877258454714,-0.70023628698291
2.403634647712996,0.7667053768214553,-0.6910879458636022
2.403634647712996,0.2869152268074904,-0.6698347866390546
2.445803676620242,0.1738975949271232,-0.3155185521526248
2.445803676620242,0.6291537740042397,-0.4112754081359168
2.445803676620242,0.4541993435270431,-0.9601292132152831
2.445803676620242,0.4250917182207446,-0.29451540553647604
2.445803676620242,0.45901473939962173,0.034223033362387634
2.445803676620242,0.26443692637206895,-0.5049900855970368
2.445803676620242,0.5045667826875104,0.3261728800031112
2.445803676620242,0.6052656684637829,-0.555388505041117
2.487972705527487,0.5545393576779916,-0.15413147332275068
2.487972705527487,0.4666929574652151,-0.31181891331269396
2.487972705527487,0.7008618319251796,-0.441759615030494
2.487972705527487,0.011739747528458688,-0.40259867193569565
2.487972705527487,0.11532757417622624,-0.0010295126182683356
2.487972705527487,0.08083695851111056,-0.6861426420935978
2.487972705527487,0.23322196746091828,-0.6468576769153251
2.487972705527487,0.19873847265288613,-0.23984948209220958
2.530141734434733,0.06858098687166592,-0.9561975785090109
2.530141734434733,-0.03984997811509722,-0.26755376796084174
2.530141734434733,0.44195469932353354,-0.005581133769246849
2.530141734434733,0.43887393212473985,-0.5622230822395049
2.530141734434733,0.5821559225038898,0.04824609537174196
2.530141734434733,0.4182337717547692,-0.2777054392787581
2.530141734434733,0.545900702151348,-0.7292989054533363
2.530141734434733,0.3568159138878034,-0.23273887257189807
2.5723107633419784,-0.4716634664577355,-0.46159869001480625
2.5723107633419784,0.14143920233533927,-0.7153141514995508
2.5723107633419784,-0.023071728129256786,-0.6104824507000518
2.5723107633419784,-0.5848925957603422,-0.0941762180987944
2.5723107633419784,0.3384653950364827,-0.44658011745572995
2.5723107633419784,0.24326763037563992,-0.46391253724084797
2.5723107633419784,-0.09758553394805183,0.5364400886188538
2.5723107633419784,0.05082680566761898,-0.8450492413228614
2.6144797922492238,-0.10024867264153345,-0.38393374097866706
2.6144797922492238,-0.24661169296525248,-0.580187552221745
2.6144797922492238,-0.21025835721023328,-0.46334419396375914
2.6144797922492238,-0.15095757010248517,-0.38866372216810663
2.6144797922492238,-0.3978563554960372,-0.4574060415305712
2.6144797922492238,-0.28002248328807616,-0.6178479130375301
2.6144797922492238,-0.2564633882942169,-0.4848084482945951
2.6144797922492238,-0.7487923758462467,0.1454102971757888
2.6566488211564696,-1.0848377893589436,-0.156652941644279
2.6566488211564696,-0.0991972683554499,0.08323402024874527
2.6566488211564696,-0.4647935786033325,-0.15308860136376512
2.6566488211564696,-0.5723335032933761,-0.7048436419766189
2.6566488211564696,-0.2665983063806457,-0.6719943723265078
2.6566488211564696,0.08200837516664294,-0.31320646730111024
2.6566488211564696,0.03736533922875504,-0.20747274942193206
2.6566488211564696,0.08734894596207132,0.25385852576025225
2.698817850063715,-0.7397732463612319,-0.2696539396176445
2.698817850063715,-0.046561421458088836,-0.09159731097057389
2.698817850063715,-0.39020179420211576,0.1431591248867896
2.698817850063715,-0.791383066422221,0.31239210835328435
2.698817850063715,-0.5951422077663786,-0.3371638716359048
2.698817850063715,-0.4714201852987132,-0.5432899218160792
2.698817850063715,-0.15590727538500765,0.006036201419617138
2.698817850063715,-0.4694162785727637,-0.22288740433405674
2.7409868789709604,-0.1947421397944688,-0.042034020918264026
2.7409868789709604,-1.0991902930235677,-0.32023939960496595
2.7409868789709604,-0.04451276196117282,-0.35710557222095685
2.7409868789709604,-0.31049026701856036,-0.510525874763599
2.7409868789709604,-0.4127246039624357,0.013364258655023553
2.7409868789709604,-0.5871898839796639,0.13469299227359866
2.7409868789709604,-0.5256922953751373,-0.5799088145528544
2.7409868789709604,-0.19730629049468815,-0.5745293614889377
2.783155907878206,-0.7970926428779206,-0.11767154959077031
2.783155907878206,-0.460049361571766,-0.46904639819496774
2.783155907878206,-1.0126208481838395,-0.12699803265144505
2.783155907878206,-0.804941373077263,0.044166460814902386
2.783155907878206,-0.6243590101716048,-0.5600218458353355
2.783155907878206,-0.7434286719076664,-0.13471178749217694
2.783155907878206,-0.49680498864914,-0.5468160727037095
2.783155907878206,-0.9063577699421939,0.38683952256788046
2.8253249367854516,-0.7400551834721234,-0.3021026464315626
2.8253249367854516,-0.4405403267004969,-0.28306727413253696
2.8253249367854516,-0.808329576369124,0.02425153217114695
2.8253249367854516,-0.5183621530906133,0.0018743135179380976
2.8253249367854516,-1.0248922454630458,0.3714998855272136
2.8253249367854516,-0.6934193823910264,0.017582708417235304
2.8253249367854516,-0.23651912920325935,-0.03646443138012456
2.8253249367854516,-0.6880688904505279,-0.15721921659076027
2.867493965692697,-1.207875862913672,0.5137626701220874
2.867493965692697,-0.9809408875473182,-0.2297985984789993
2.867493965692697,-1.269108568347367,-0.19042160373544015
2.867493965692697,-0.9796147768217977,-0.018774554526375442
2.867493965692697,-1.4557740605854712,0.2345038587671746
2.867493965692697,-1.292723896833159,-0.05833413407875565
2.867493965692697,-1.217211316003353,-0.2741738915323303
2.867493965692697,-0.4620482988771026,0.010089410327576154
2.909662994599943,-1.1236967889596792,0.1544719151668757
2.909662994599943,-0.6551751954971052,0.31038441699977765
2.909662994599943,-1.7012219568526303,0.7385834442841284
2.909662994599943,-1.4113405725454113,0.2815820566531518
2.909662994599943,-1.1863278898668923,-0.07947624713341367
2.909662994599943,-0.7093936360880638,-0.03538082028336714
2.909662994599943,-0.8143674559921082,-0.27853346572503235
2.909662994599943,-1.4968669784400108,0.041467600910517766
2.951832023507188,-0.8263770103650967,0.05561315338194711
2.951832023507188,-1.4376888966753016,0.1763966840961793
2.951832023507188,-0.47795351718718443,0.36260930721341883
2.951832023507188,-1.2443288311670493,-0.032913234871855435
2.951832023507188,-1.2447522040988144,0.01252491898899305
2.951832023507188,-0.6670023909715697,0.3032789691665048
2.951832023507188,-0.6231890192703808,-0.16290353697888812
2.951832023507188,-0.540951560488343,-0.13360107382236402
2.994001052414434,-1.2752443903359887,0.28872909424604315
2.994001052414434,-1.1823849258639907,0.35980259647844476
2.994001052414434,-1.2231390552687347,-0.1420232145949724
2.994001052414434,-0.8121388330181393,0.3335669941336706
2.994001052414434,-0.730020091679946,0.4355335343088183
2.994001052414434,-0.886608409788008,0.21625331686644694
2.994001052414434,-1.2728098630434017,0.22538980614229115
2.994001052414434,-1.2573939263360532,0.40002685197925575
3.0361700813216794,-0.835625345491763,0.21061849098804575
3.0361700813216794,-0.7121823165413166,0.1251094543492749
3.0361700813216794,-0.9943516489060675,0.057201198782502405
3.0361700813216794,-0.8417995427136837,1.162004852915396
3.0361700813216794,-0.8963820170529736,0.3326822396017605
3.0361700813216794,-2.3285487787034005,0.6083510891643997
3.0361700813216794,-0.6222389335542502,0.3682963021433308
3.0361700813216794,-0.9905673089809046,0.3732086931671215
3.078339110228925,-0.7952543161852337,0.36829080849816465
3.078339110228925,-1.1005148473183872,0.23616241043280162
3.078339110228925,-0.7952426127961343,0.6899537632069247
3.078339110228925,-0.8430925668355911,0.16016342066823758
3.078339110228925,-1.04571286513997,0.10469689520461545
3.078339110228925,-1.187575453039642,0.9154900562681235
3.078339110228925,-1.0202790467542755,0.538814347378143
3.078339110228925,-0.7647602438492318,0.44531714336388195
3.1205081391361706,-1.0004015112696558,0.5437394237228345
3.1205081391361706,-1.028191166912036,0.07804231637009582
3.1205081391361706,-1.179156861008348,0.20016844296656414
3.1205081391361706,-1.0531802266754087,-0.043729050794248915
3.1205081391361706,-0.47175162338150667,1.296613426325106
3.1205081391361706,-0.5788004538198477,0.9292931813352404
3.1205081391361706,-0.9674053744207556,0.022079549329900257
3.1205081391361706,-1.7442803974470689,0.43179923360825184
3.162677168043416,-1.0266107258434323,0.18771512490162184
3.162677168043416,-1.5195815886887352,0.575721281508501
3.162677168043416,-0.9516503499779203,0.9091044375183959
3.162677168043416,-1.1836689675034415,0.5574932534966222
3.162677168043416,-1.0385608827348092,0.8841739247758552
3.162677168043416,-0.9969921761527675,0.22695102372502127
3.162677168043416,-1.1569833231999442,0.15984475151036576
3.162677168043416,-1.2758547684805395,0.823778877870398
3.2048461969506614,-1.2026887708962595,0.3699499498113412
3.2048461969506614,-1.3111164591802962,0.42843665402225717
3.2048461969506614,-0.838095266199973,0.42195123950217817
3.2048461969506614,-0.9834064902274968,0.5406468532138372
3.2048461969506614,-1.1356267045949409,0.8301202692896544
3.2048461969506614,-1.0561784031450399,0.6033888357777044
3.2048461969506614,-1.1530337277608265,0.7326487041104083
3.2048461969506614,-1.2971874481987649,0.6552701037887154
3.2470152258579073,-1.6595654150072232,0.6400583084449332
3.2470152258579073,-0.8697238806332913,0.5942779403274336
3.2470152258579073,-0.6282256083745028,0.7967038671113675
3.2470152258579073,-0.8541926724217245,0.9895569619939683
3.2470152258579073,-1.3723114529117462,0.9189800383806815
3.2470152258579073,-0.8978551432787085,0.4496186930424092
3.2470152258579073,-1.1014307276344908,0.33219478431555327
3.2470152258579073,-0.8121233076901645,0.5723373068342925
3.2891842547651526,-0.9468336536681252,1.195857644964092
3.2891842547651526,-1.2209718962267182,0.8123564251461619
3.2891842547651526,-1.0660914157089265,0.6934146575813579
3.2891842547651526,-1.1004478098037418,0.4975407798178224
3.2891842547651526,-0.8481923595868202,0.5831904186190093
3.2891842547651526,-0.6265317436043233,0.88556393578477
3.2891842547651526,-0.7166122720457561,1.191389436474497
3.2891842547651526,-1.008449121636453,0.5539687333934973
3.331353283672398,-0.8265872943076285,0.9678878915720199
3.331353283672398,-1.0113688423733955,1.2847658803828867
3.331353283672398,-1.1967002159867257,0.6881446736884527
3.331353283672398,-0.8434098387663695,0.7129741880339239
3.331353283672398,-0.7782893031784843,1.2394511536661796
3.331353283672398,-1.0504280779154063,0.6817915858356018
3.331353283672398,-0.9263203142761468,0.9032048262509076
3.331353283672398,-1.2846286544835692,0.7424874755279554
3.373522312579644,-1.0943787289943583,0.8305202934984434
3.373522312579644,-0.5657853239363928,0.8084984236726738
3.373522312579644,-1.3802800031556646,0.7947699452103957
3.373522312579644,-1.4505067931731963,1.579306310711151
3.373522312579644,-0.271140801825703,0.9853207672491027
3.373522312579644,-0.8520895235651162,1.1419570555032998
3.373522312579644,-1.3403743821569385,1.0728751712309685
3.373522312579644,-1.8969822993224752,0.9708132627597603
3.4156913414868892,-0.8566624251848236,0.7622603111875865
3.4156913414868892,-1.7162599365023634,1.613371418785866
3.4156913414868892,-0.7091722734084911,0.9809033034752722
3.4156913414868892,-0.949106747335278,1.209806358319041
3.4156913414868892,-0.5767116587812088,0.6959073578883846
3.4156913414868892,-0.8190119335153508,0.614743064708023
3.4156913414868892,-1.0731145703195846,1.921794927036485
3.4156913414868892,-1.1051844486937152,0.8201534185431152
3.4578603703941346,-0.6366015122410293,1.7946360987088592
3.4578603703941346,-0.4401771775934364,1.098195718744415
3.4578603703941346,-0.8003158287230562,1.2117459576779912
3.4578603703941346,-0.22641630313932137,1.806451508767511
3.4578603703941346,-1.2562295155633258,1.243344268608131
3.4578603703941346,-0.9342853787990126,1.0281114224895633
3.4578603703941346,-0.3213353630503335,1.1579971125264614
3.4578603703941346,-0.7689902413827692,0.7544479327742699
3.5000293993013805,-0.2806210973116131,0.9304493720600941
3.5000293993013805,-0.7148456342443035,1.0059787459640277
3.5000293993013805,-0.24209201796575247,0.9468610356380325
3.5000293993013805,-0.516751549030824,0.8259979175301293
3.5000293993013805,-0.9680482107702899,1.3092446437870224
3.5000293993013805,-1.0148414368467773,1.0296854493212406
3.5000293993013805,-0.20293917077655166,1.0526366482995835
3.5000293993013805,-1.271814137437612,1.6562764589418875
3.542198428208626,-0.7921398193991933,0.8090013799611583
3.542198428208626,-0.7079803798287878,1.7197981049328714
3.542198428208626,-0.6508093078076963,1.3022694851697312
3.542198428208626,-0.31594168963225533,1.30292263851471
3.542198428208626,-0.4025816900502776,0.8523687677505819
3.542198428208626,-0.32396227322642573,1.3592894555329094
3.542198428208626,-0.8964459293739694,1.065312545149037
3.542198428208626,-0.20894851405931833,1.3987881606741732
3.5843674571158717,-0.08013160053824903,1.492683300888168
3.5843674571158717,-0.3760639309195465,1.2119288407056334
3.5843674571158717,-0.29525011140783486,0.9401632495201298
3.5843674571158717,-0.41828503234168435,0.9202701963371623
3.5843674571158717,-0.4100444320233695,1.065453087025213
3.5843674571158717,-0.34321674422858534,1.0417522269631596
3.5843674571158717,-0.0580930945429215,1.1691393282415048
3.5843674571158717,-0.01136330042455816,1.3225719616788876
3.626536486023117,-0.2569389151373602,1.1012535514101405
3.626536486023117,-1.2341544663520023,1.5274693740296292
3.626536486023117,-0.9328257314708577,1.4407368540663714
3.626536486023117,-0.34621571130531115,1.350743424582476
3.626536486023117,-0.5302217341317828,1.4627853371571078
3.626536486023117,-0.3105876330187066,1.1098345868243784
3.626536486023117,-0.5759697851638347,1.8415758956028156
3.626536486023117,-0.2302391258439095,0.9920219893901174
3.6687055149303625,-0.5644545750324875,1.7487463723818881
3.6687055149303625,-0.46482174734058934,1.7356171272335255
3.6687055149303625,-0.23115099539519315,1.1147619236346165
3.6687055149303625,0.1569664081497614,1.2719460739461617
3.6687055149303625,-0.0668613157320965,1.0845487722056117
3.6687055149303625,0.34299283650460566,2.1572833104264584
3.6687055149303625,0.32189624191155364,1.2584064971705562
3.6687055149303625,-0.17653139362642276,1.0359594506417018
3.7108745438376083,-0.13434046151171225,1.1710108686661063
3.7108745438376083,0.6362880436463673,1.6045200395447647
3.7108745438376083,0.41483100964310093,2.3608395645869495
3.7108745438376083,-0.07733964448749436,1.576037916872675
3.7108745438376083,0.44694431419651254,1.2918719523329083
3.7108745438376083,-0.11130292298410116,1.8221518163297348
3.7108745438376083,-0.177315708507419,1.062007623243346
3.7108745438376083,0.2074844958518011,1.349522003350659
3.7530435727448537,0.2797807995621674,1.2834953804253297
3.7530435727448537,-0.31093704744130274,1.626855512490176
3.7530435727448537,0.29950963944755427,1.3353217987177821
3.7530435727448537,0.2856034697341378,1.6655654439393588
3.7530435727448537,0.21193827992267616,1.7661151825262502
3.7530435727448537,-0.0025270465281037047,1.7020940224059253
3.7530435727448537,0.21142738324680688,1.6940453624621377
3.7530435727448537,0.12956835215097395,1.9360464582060548
3.795212601652099,0.15630385890406495,1.341431184071611
3.795212601652099,0.4250812644615186,1.718256212302224
3.795212601652099,0.026090086229109855,1.334354205188595
3.795212601652099,0.2779318983036166,1.7218031380965266
3.795212601652099,0.08801857284716691,1.2580805156501051
3.795212601652099,0.3035885721508792,1.0307257254371476
3.795212601652099,0.06250415119878416,1.3091962695890387
3.795212601652099,0.26885282302702396,1.490310037596959
3.837381630559345,0.6655412698833232,1.4150376618711764
3.837381630559345,0.8258179047203145,1.669176393016158
3.837381630559345,0.11081169817628694,1.4543293134108617
3.837381630559345,0.5317482723213649,1.015825991613373
3.837381630559345,-0.1793145866175832,1.5809108792465967
3.837381630559345,0.0544652209976253,1.2953373715951386
3.837381630559345,0.3616939987700354,1.3897895781366487
3.837381630559345,0.7017040324654712,1.6533276083315753
3.8795506594665903,0.16968659222338595,1.4614000186696898
3.8795506594665903,1.0132534805321898,1.8188667680472759
3.8795506594665903,0.04478813355679512,1.3496295762226191
3.8795506594665903,0.680754825368124,2.0772364529843252
3.8795506594665903,0.6382884576590244,0.9923841348550456
3.8795506594665903,-0.08214580314681719,1.3424910857110057
3.8795506594665903,0.20133092134790898,1.642912323575553
3.8795506594665903,0.8812272101785183,1.4046799246378907
3.9217196883738357,0.3537653035121906,2.722471014331334
3.9217196883738357,0.7640435291951564,1.3954555281228522
3.9217196883738357,1.0871572366294928,1.40384500719833
3.9217196883738357,0.14530263734354076,2.1503521748781176
3.9217196883738357,0.5202539351312915,0.999778888752212
3.9217196883738357,0.32407056987563376,1.1359331824304815
3.9217196883738357,0.7998433438411279,1.5518311312601725
3.9217196883738357,0.8793324867372583,1.5495051197356222
3.9638887172810815,0.42655314814161355,1.3776928886595052
3.9638887172810815,0.5762446175729993,1.62839414923519
3.9638887172810815,-0.03652258273953446,1.7503090078455013
3.9638887172810815,0.32141636551895597,1.3865961461104728
3.9638887172810815,0.5003814220587544,1.1506339154185738
3.9638887172810815,0.1979354422847679,1.8481342509660843
3.9638887172810815,0.642259180319777,1.215820207041605
3.9638887172810815,0.2804883673666957,1.2797753827468743
4.006057746188327,0.7279186262648645,1.497104225281448
4.006057746188327,1.0284747939258594,1.1614609547052035
4.006057746188327,0.3222627600045518,1.4253279095645015
4.006057746188327,0.9675288128043795,1.9972183897437494
4.006057746188327,0.9232747122025227,1.4204627497680966
4.006057746188327,0.5924235040121366,1.0355114748353684
4.006057746188327,1.3335138469020646,1.7909086568596306
4.006057746188327,0.7738595298378591,1.0468352860048915
4.048226775095572,0.9388628582342389,1.1860784054636695
4.048226775095572,1.0659028205850658,1.040506460002539
4.048226775095572,1.202445634113711,1.9222001229284245
4.048226775095572,1.1375525499978145,2.1754111740965354
4.048226775095572,1.0304772111437113,1.3519001564353863
4.048226775095572,0.2081510729111976,1.542989782616063
4.048226775095572,0.9106238837102533,1.2930118414819594
4.048226775095572,0.98384008850866,1.3463049033600418
4.090395804002818,0.9844219990547046,1.3239156607356015
4.090395804002818,1.007451820467291,1.0310217913250899
4.090395804002818,1.1907880249284022,1.3082891426178285
4.090395804002818,0.8812644307151061,1.1359625999090386
4.090395804002818,0.7695933625241944,1.3921241256364374
4.090395804002818,0.8532386926891148,1.364984568080089
4.090395804002818,0.8270139071699676,0.9771576303342064
4.090395804002818,0.9696181951665439,1.6662371157461555
4.132564832910064,1.235725177481909,1.5095563180935034
4.132564832910064,0.7676397907306154,2.137521832361993
4.132564832910064,0.30576883026993995,1.2855430318858516
4.132564832910064,0.555673666304657,1.553660351772289
4.132564832910064,0.8832731565499954,1.0807913410415222
4.132564832910064,0.49172744026155324,1.2413986668220847
4.132564832910064,1.3250172864358443,1.3834463579709981
4.132564832910064,0.6951165235732444,1.2254808757027158
4.174733861817309,0.5968128253761302,1.266312068322537
4.174733861817309,0.8062540676822084,1.2968262908101191
4.174733861817309,1.1455614617776637,1.3260970001371244
4.174733861817309,1.0779252200611722,2.096143875599597
4.174733861817309,0.7137208749577725,1.6325228851628308
4.174733861817309,0.6303053310571198,1.7015554113224596
4.174733861817309,1.1142836831765017,1.1126595793309868
4.174733861817309,1.026544731079298,1.108537145574135
4.216902890724555,1.0914852906777188,0.9124530919385448
4.216902890724555,0.9752777583082518,0.9419494967039912
4.216902890724555,1.0830665802250365,1.36999685245297
4.216902890724555,1.4032956334229911,1.1318008326158684
4.216902890724555,0.8670892017514602,0.9623719132734739
4.216902890724555,0.40601009069279137,1.4652598605566296
4.216902890724555,1.4726399084543302,1.5701868238636494
4.216902890724555,1.0023456663213746,1.3760749191047599
4.2590719196318005,0.7898345211264431,0.8930900529520339
4.2590719196318005,1.0639586944301587,1.879487282134095
4.2590719196318005,0.9095752331412111,0.9512917986901069
4.2590719196318005,0.527609250633978,1.4091408160989225
4.2590719196318005,0.9185425027936727,1.621389720851384
4.2590719196318005,0.6422660571627021,1.1544772555799
4.2590719196318005,1.2172418582634874,1.3772591059528128
4.2590719196318005,0.4737025568773692,1.1086841526254576
4.3012409485390455,0.48016729723191026,1.197789883643555
4.3012409485390455,0.6750740836990925,1.5845554673805111
4.3012409485390455,-0.035461034977579686,1.8102945627686453
4.3012409485390455,0.47649501208727163,1.1448368557294721
4.3012409485390455,1.0851037748058368,1.3035470991982587
4.3012409485390455,0.34376874585883355,1.2563388097577741
4.3012409485390455,1.0314049809944477,1.3922354655817935
4.3012409485390455,0.7086942284814227,1.2498474515931348
4.343409977446291,0.7331500416447074,1.0041213292535036
4.343409977446291,0.7542337715616423,0.7614886664469461
4.343409977446291,0.07046547159106964,1.2324877139234678
4.343409977446291,0.36145498420891764,1.4084659992106352
4.343409977446291,0.9908460839048914,1.146765848928979
4.343409977446291,0.7591136624043923,1.068838140790805
4.343409977446291,0.35834771919443575,1.31471527644225
4.343409977446291,0.5770249381068558,1.3596228886129311
4.385579006353537,0.8383000035787562,0.6642085673745262
4.385579006353537,0.948597115557799,1.0540854161760014
4.385579006353537,0.33400991227341814,1.151716843741832
4.385579006353537,0.3687658520509438,1.0686522194880423
4.385579006353537,1.1103321531072794,1.4916325175244896
4.385579006353537,0.318043233545792,0.9193230439918427
4.385579006353537,0.4978669671752849,1.5655613979998955
4.385579006353537,0.8768705266492282,0.8456388351533677
4.427748035260782,0.6128938348712925,0.5259647869901546
4.427748035260782,0.6686893337407539,0.7198270472112216
4.427748035260782,0.19348299965339277,1.1924876623262255
4.427748035260782,0.4743287626343774,1.1302229660842167
4.427748035260782,0.7742415690925626,0.786500309058939
4.427748035260782,0.9211375074416768,1.0884584761826255
4.427748035260782,0.37702284819874665,0.8468823172456748
4.427748035260782,1.4345689705266782,1.3192480180487287
4.469917064168028,0.6736845759272552,0.5972642558436851
4.469917064168028,1.284719002332865,1.9201569288761884
4.469917064168028,0.7704965403421368,0.5258770160149789
4.469917064168028,0.8131436400113348,0.7861433580144319
4.469917064168028,1.4061765624369733,1.6934093258917615
4.469917064168028,0.2998775618712972,0.5251476268949744
4.469917064168028,0.8736826854594222,0.9484210420852871
4.469917064168028,0.4028606139286256,0.5103321496267135
4.512086093075274,0.008996312066402612,1.0614811365501022
4.512086093075274,0.02495853416155147,0.7661390483841226
4.512086093075274,0.5140548911221388,1.023302107843135
4.512086093075274,0.5294147078644061,1.6280649252746675
4.512086093075274,-0.10841715313033495,0.8127661804336497
4.512086093075274,0.5697327308800304,1.1271024300426566
4.512086093075274,0.49936271434977186,0.9222376997900537
4.512086093075274,0.0795461393961826,0.8607099692656837
4.554255121982519,0.7430651862495696,1.4386801458301481
4.554255121982519,0.37612082219098053,1.0236362223895037
4.554255121982519,0.31401257453498266,0.7887029672222687
4.554255121982519,0.5017232649782725,0.7270000512531885
4.554255121982519,0.13757684789643848,0.8432671275631773
4.554255121982519,0.7045147552906283,1.1764594421762866
4.554255121982519,0.5492714684602331,1.5423238481288
4.554255121982519,0.2162633041947959,1.3705835836544127
4.5964241508897645,0.8194142251482666,1.262280245187724
4.5964241508897645,0.10175886202659579,1.108945944209598
4.5964241508897645,0.17230691299582002,1.2124433705160167
4.5964241508897645,-0.6153565873829869,0.8389233878589503
4.5964241508897645,0.15769195575112102,0.8615694723371521
4.5964241508897645,0.3853473461498128,1.2076828328480214
4.5964241508897645,0.5411653029253408,0.7996304460028418
4.5964241508897645,-0.32062637911660824,1.1366261556174417
4.63859317979701,0.48270446354293906,0.7770419849425776
4.63859317979701,0.26488714638060606,1.0368552708545562
4.63859317979701,0.3580713228737214,0.6262467306719927
4.63859317979701,-0.6181783163492395,0.8784837643356446
4.63859317979701,0.09977484962107239,1.051818632365039
4.63859317979701,0.34695022460397246,0.8211954979136387
4.63859317979701,-0.14202285419680047,0.5668062216201712
4.63859317979701,-0.011038400514451957,1.208358244169331
4.680762208704255,-0.1722574659507578,0.5629291974960174
4.680762208704255,-0.2834956759514685,0.4017569390747657
4.680762208704255,-0.4848888488400968,0.8539222776334726
4.680762208704255,0.31445684310109473,0.8072498936943534
4.680762208704255,-0.025979128707375856,0.43471489316092543
4.680762208704255,-0.6839237445521688,0.9516731946612049
4.680762208704255,0.20593575335526582,0.9621721403309905
4.680762208704255,-0.48074161584756475,0.7352422210315804
4.722931237611501,0.08098936761158837,0.7240345126857353
4.722931237611501,-0.03990099393237522,0.2908243477112284
4.722931237611501,-0.06407221174791258,0.46505707279567865
4.722931237611501,-0.3424077597428956,0.8638930182399425
4.722931237611501,-0.02675345212652116,0.7134981583824633
4.722931237611501,-0.1841839496802107,0.22460185913150166
4.722931237611501,-0.072529878272279,0.6413230520999732
4.722931237611501,-0.35065271905016604,0.3303533803402662
4.765100266518747,0.20499237833057093,0.9021865596828846
4.765100266518747,-0.12028487386138226,0.2967085650036019
4.765100266518747,-0.05367711550665005,-0.10658410870683402
4.765100266518747,0.11911213577347807,1.0328668196224389
4.765100266518747,-0.4765734447532387,0.20193194439449977
4.765100266518747,-0.5560980875573946,0.7061095020051633
4.765100266518747,-0.3027554785260739,0.7681232629385965
4.765100266518747,-0.17716633860165645,-0.03160243982539912
4.807269295425992,-0.2975936548675384,0.42659403874004387
4.807269295425992,-0.6987092739273684,0.21959650445075427
4.807269295425992,-0.6192903321119776,0.34812792317332
4.807269295425992,-0.7961715409853591,0.09548530671277786
4.807269295425992,-0.30035409854226247,-0.17001968566621695
4.807269295425992,-0.3792495502365066,0.4244270790259991
4.807269295425992,-0.27854306343074176,0.10810170428046664
4.807269295425992,-0.16859243999964618,0.6216469251759806
4.849438324333238,-0.10748265002924717,0.5756595976552317
4.849438324333238,-0.6339771971472271,-0.04640618339591224
4.849438324333238,-0.3075207012488915,-0.08987687248072601
4.849438324333238,-0.6705337939692808,-0.03034836165062471
4.849438324333238,-0.1069668657534234,0.18123435633287138
4.849438324333238,-0.32761533536005993,0.14886724254716588
4.849438324333238,-0.6729872586574607,0.12931279058698647
4.849438324333238,-0.6336906611261626,0.2847376561273404
4.891607353240484,-0.8626880645917561,0.10023015589957746
4.891607353240484,-0.6680720200628841,0.26728816668479277
4.891607353240484,-0.527311749951934,-0.1909748579202396
4.891607353240484,-0.2826789657112758,0.5157821737021993
4.891607353240484,-0.9911598681435865,0.353627537130532
4.891607353240484,-0.010737104281883125,0.32677081339446007
4.891607353240484,-0.4041489595973027,0.20885000671774873
4.891607353240484,-0.3540705366447211,-0.16602928761483066
4.933776382147729,-0.5934937784118228,-0.10002307728657472
4.933776382147729,-0.3812746411800395,0.058086956935165746
4.933776382147729,-0.794049841147971,0.029716090818825702
4.933776382147729,-1.1047274272705625,-0.06721746951306673
4.933776382147729,-0.8824943952633091,-0.33528955336952715
4.933776382147729,-0.44634677025559655,0.4961729904183132
4.933776382147729,-0.7307590878772524,-0.17064085278243823
4.933776382147729,-1.1224727281196734,0.04149663391295949
4.975945411054974,-1.189742926664661,-0.3178291386323002
4.975945411054974,-0.5230959460758562,-0.26137077186460544
4.975945411054974,-0.9351123106354611,-0.38615122048418826
4.975945411054974,-1.2097527592068928,-0.32455943928846187
4.975945411054974,-0.806533137592423,0.24081881391574023
4.975945411054974,-0.5781809624296305,0.2642615691094049
4.975945411054974,-0.9950753419738794,-0.2857791985846092
4.975945411054974,-1.0891075867429951,0.4184826064092937
5.01811443996222,-1.096055324227284,-0.47517713921117605
5.01811443996222,-1.3265724902850562,0.1044633514412967
5.01811443996222,-1.1956702236703642,-0.36523552003920634
5.01811443996222,-0.3582195138878848,-0.15648004919264763
5.01811443996222,-0.8418831647447321,-0.4129906470615668
5.01811443996222,-0.8753823579411955,-0.024520870184088994
5.01811443996222,-1.7119187854094577,0.08526894000512597
5.01811443996222,-0.6549509127240911,-0.21121550549577617
5.060283468869466,-1.196437093310981,-0.4775100450609137
5.060283468869466,-1.0082294095529303,-0.2762610901111894
5.060283468869466,-0.8180146042968254,0.35599647514909416
5.060283468869466,-0.17744136548655853,0.41213617434137717
5.060283468869466,-1.1720866448920435,0.20991276070261689
5.060283468869466,-0.8792762363143087,0.15169036174110384
5.060283468869466,-0.8622431873425329,-0.3105596515865703
5.060283468869466,-0.9176703668088431,-0.10362746304405324
5.102452497776711,-1.3307134393534412,-0.36899023876371695
5.102452497776711,-0.8300839952486572,-0.37736560371426353
5.102452497776711,-1.0133464470893752,-0.4815656252876388
5.102452497776711,-0.9264300004848328,-0.24594865933562376
5.102452497776711,-0.5867154787116978,-0.10337166392255748
5.102452497776711,-1.0981448372043132,-0.44962299300272
5.102452497776711,-1.207305118133709,0.02731371141394212
5.102452497776711,-1.429593075140291,-0.392740742006426
5.144621526683957,-0.933780537157441,0.41681260113081053
5.144621526683957,-1.0519682402128345,-0.6494831949352622
5.144621526683957,-1.0317112239822377,-0.14380953239731475
5.144621526683957,-0.5794472678204916,0.44249333937242363
5.144621526683957,-0.5716752994649217,-0.33212842815040394
5.144621526683957,-1.3641051078132793,-0.1921657352064282
5.144621526683957,-0.48863674617208464,-0.09708798116975381
5.144621526683957,-0.9637776760448898,-0.49618859698442874
5.186790555591203,-1.0056367747767725,-0.3962942531721603
5.186790555591203,-0.8173892797856968,-0.371424023053979
5.186790555591203,-1.142748658548821,-0.7549934126221404
5.186790555591203,-1.2330082646537892,-0.32459533364986304
5.186790555591203,-0.8473045567434663,0.10699956912473907
5.186790555591203,-1.3435607389098467,0.3823338887166111
5.186790555591203,-1.3296348386991967,-0.16557038598526408
5.186790555591203,-1.2238627889213425,0.08199050237048866
5.2289595844984476,-0.9830235956612522,-0.3745346929575543
5.2289595844984476,-1.3683145725342838,-0.03212594997197438
5.2289595844984476,-0.9011769765943471,-0.6107072929265592
5.2289595844984476,-1.1420726494427516,0.32991665041392415
5.2289595844984476,-1.3108483687010157,-0.4332866923218548
5.2289595844984476,-1.2086823494554224,-0.48119340020506707
5.2289595844984476,-0.7791883453908164,0.016194268716116955
5.2289595844984476,-1.5956154357328416,-0.3491149408852219
5.271128613405693,-1.2342602093304385,-0.6150584519865431
5.271128613405693,-1.4643565158307346,-0.341798451044502
5.271128613405693,-0.977611634820848,-0.7106619684484118
5.271128613405693,-0.6531245360156449,-0.11616847956841403
5.271128613405693,-1.3108922929544438,-0.0448045280367082
5.271128613405693,-1.1168302278602156,-0.3321132477456904
5.271128613405693,-1.1634140558400143,-0.3975258712709824
5.271128613405693,-1.1140818360619837,-0.1352392232552233
5.313297642312939,-1.2130986408089721,0.029267886496881945
5.313297642312939,-0.7427571779205553,-0.3613284596760119
5.313297642312939,-0.4175914804152946,-0.021382020845953975
5.313297642312939,-1.2390304222917283,-0.42203509123612093
5.313297642312939,-0.6326273568602673,0.17694665849186764
5.313297642312939,-0.978258618984259,-0.13735755151571016
5.313297642312939,-1.0826717756658377,-0.12127862832189817
5.313297642312939,-1.3597743141443421,-0.47490042389734655
5.355466671220184,-0.9012460640998243,-0.2001143902489404
5.355466671220184,-1.1129310727589425,-0.553174382148035
5.355466671220184,-1.9530026467279757,-0.5067839625466986
5.355466671220184,-1.0557192435308256,-0.33134274543388265
5.355466671220184,-1.6991516775502657,-0.22728154677885348
5.355466671220184,-1.7166155288635796,-0.13707348649022466
5.355466671220184,-1.3164431189629087,-0.5004016752666615
5.355466671220184,-1.066041549241477,-0.4587642406100394
5.39763570012743,-1.114910948542486,-0.2900280750503281
5.39763570012743,-1.1925203471094692,-0.05782054507829426
5.39763570012743,-0.6291678527396442,-0.3807492576387137
5.39763570012743,-1.340717588846382,-0.19985698706925914
5.39763570012743,-0.8948260526650975,-0.5594628989717793
5.39763570012743,-0.6924730303498552,-0.4389806175650971
5.39763570012743,-0.7445580761106638,-0.8220747538132009
5.39763570012743,-0.7435262691213494,-0.4660347523484488
5.439804729034676,-1.0872746701963556,-0.7616420495487144
5.439804729034676,-1.0774889948373725,-0.04947294811787839
5.439804729034676,-0.7689652646139898,-0.42519855234338766
5.439804729034676,-1.986717198358686,-0.3587100109736029
5.439804729034676,-1.1023142027040518,-0.9617683158756691
5.439804729034676,-1.0689743240460445,-0.6292128564684432
5.439804729034676,-1.171653816742199,-0.5963514275201638
5.439804729034676,-1.4171672993227034,-0.6641974853085768
5.481973757941921,-1.3526428919926667,-0.4523378618083287
5.481973757941921,-1.0906763342906913,-0.9515963595088701
5.481973757941921,-1.1279131429773113,-0.6668692645311955
5.481973757941921,-0.3080072606059582,-0.0176065021739944
5.481973757941921,-1.1833291400764916,-0.4276918535215849
5.481973757941921,-0.629002960906204,-0.8699332144819181
5.481973757941921,-0.30075110235966357,-0.18843865449416808
5.481973757941921,-0.5278122363718055,-0.5992747001945308
5.524142786849167,-0.5303925725864207,-0.443383983017146
5.524142786849167,-0.5491079516145768,-0.5709176852117228
5.524142786849167,-0.4383125012216816,-0.4935880570457142
5.524142786849167,-1.3013089340810007,-0.4965716711706831
5.524142786849167,-0.6575841494291083,-0.6252249159911747
5.524142786849167,-1.3186428510844974,-0.004732377107574681
5.524142786849167,-1.4377234225736726,-0.08934296425774169
5.524142786849167,-0.1623759464212055,0.02555819655962077
5.566311815756412,-1.1523702906271684,-0.3133566648587125
5.566311815756412,-0.5517849601705699,-0.4762113798852494
5.566311815756412,-0.7713125973250577,-0.5528196312594128
5.566311815756412,-1.034266747776132,-0.5382603080132531
5.566311815756412,-0.942628545652316,-0.043865652055883775
5.566311815756412,-1.019263291474498,-0.22721470807650745
5.566311815756412,-0.3200407986634797,-0.46675611689724605
5.566311815756412,-0.6351331248473557,-0.45425375515588373
5.608480844663657,-0.7989882665559018,-0.035949220649809877
5.608480844663657,-0.6888651391725031,-0.2611882372741856
5.608480844663657,-0.6106046216284131,-0.3263661167682077
5.608480844663657,-0.5733962381728305,-0.65173196364452
5.608480844663657,-0.4203437051327198,-0.6708568127182009
5.608480844663657,-0.8901579977263993,-0.7711894882743564
5.608480844663657,-0.5052024786152922,-0.8392586250217804
5.608480844663657,-0.4415547827955005,-1.0227984106429824
5.650649873570903,-0.26873913555975015,-0.04356739936441778
5.650649873570903,-0.3946289104682459,-0.8354574912285619
5.650649873570903,-0.5407110108580695,-0.3902487979307073
5.650649873570903,-0.31908354413711126,-0.5317669224865996
5.650649873570903,-0.7307032775292527,-0.5291113386997305
5.650649873570903,0.08803041679326928,-0.2405161335035927
5.650649873570903,-0.22570908218579444,-0.4189394193235041
5.650649873570903,0.060118270477034774,-0.3826063633981993
5.692818902478149,-0.2929019643626937,-0.5111829043862199
5.692818902478149,-0.5263539855505537,-0.36184396825418974
5.692818902478149,-0.7076731828684084,-0.23005222733447617
5.692818902478149,-0.37836437181546434,-0.668289469404055
5.692818902478149,0.09029788019401563,-0.29998449552291906
5.692818902478149,0.0036082425980424326,0.10413685479849144
5.692818902478149,-0.25425215650388344,-0.21799352226439106
5.692818902478149,-0.2600190285071539,-0.7043148249066041
5.734987931385394,0.1335414214017524,-0.6396248998262535
5.734987931385394,-0.11000984545185913,-0.43894213975499496
5.734987931385394,0.20038545887114118,-0.5500856251247643
5.734987931385394,0.1426783489867097,-0.053842429868131814
5.734987931385394,0.06501091002084408,-0.03884341095079635
5.734987931385394,0.0974792692299355,0.3912470788718946
5.734987931385394,0.056832812545744404,-0.3778753054318712
5.734987931385394,0.24257864747421942,-0.3851748313130776
5.77715696029264,-0.006635545491188728,-0.3156212483185964
5.77715696029264,0.07308286735133196,-0.2275350793267289
5.77715696029264,0.1220425272736223,-0.4067387925413668
5.77715696029264,-0.35599080479848266,0.22744955530898592
5.77715696029264,0.1575454426499573,-0.10508858196391957
5.77715696029264,0.3144274370751373,-0.4068337033954599
5.77715696029264,-0.5526664246556156,-0.33577078823360995
5.77715696029264,-0.5516443349673577,0.1363060045162019
5.819325989199886,-0.01509056891806701,0.423845070391634
5.819325989199886,-0.2019468852820526,0.44875466850074364
5.819325989199886,0.0338823224618196,-0.46203620582826577
5.819325989199886,-0.0498334081885462,-0.620791817425239
5.819325989199886,0.49534796281666915,-0.37483682350101
5.819325989199886,-0.39623035470672974,-0.008602134992530375
5.819325989199886,-0.06969389698551282,-0.5087641470721043
5.819325989199886,0.5551791745977849,0.3746247717723511
5.861495018107131,0.38026435425559285,0.5127600114577548
5.861495018107131,-0.27899170760373126,-0.3913186258782278
5.861495018107131,0.2598209831763721,-0.7074045046075338
5.861495018107131,-0.397147135930108,-0.09520259436536782
5.861495018107131,-0.11904568808009125,-0.621832782847757
5.861495018107131,-0.09485184167437749,-0.26657306264583114
5.861495018107131,0.42836137643639005,0.09635535209899726
5.861495018107131,-0.028316876535616986,-0.2788825521660351
5.903664047014376,0.3941487839586848,-0.6506135511158648
5.903664047014376,0.19805236345282293,-0.6258031494364228
5.903664047014376,0.7831877132050269,-0.6544842516874558
5.903664047014376,0.613425623666172,-0.01587083825845559
5.903664047014376,-0.005693347264497772,-0.030673475681224804
5.903664047014376,0.687950588291715,-0.2597085067310745
5.903664047014376,0.4742896921557087,-0.3805158337698819
5.903664047014376,0.46867017646760345,0.008589983146647495
5.945833075921622,0.26125182673688624,-0.20177751603340138
5.945833075921622,-0.37343246161413024,0.3149366967272723
5.945833075921622,0.2856460534573095,-0.28885752734644354
5.945833075921622,0.370116639735158,0.6159156861204814
5.945833075921622,0.20111493213006149,-0.3080440932678509
5.945833075921622,0.6705914435115528,-0.46613764331284047
5.945833075921622,0.5579220972363199,0.12958930642361832
5.945833075921622,0.0803484400415217,-0.2693241061153794
5.988002104828868,0.6266658267682768,0.6708454676734009
5.988002104828868,0.3905984692536315,-0.057706291162354706
5.988002104828868,0.6081273658184138,0.4000068818246648
5.988002104828868,0.011669813358184178,0.1574644679812881
5.988002104828868,0.8615800814391776,-3.102504180718668e-05
5.988002104828868,0.4306902295880707,-0.3949974379539384
5.988002104828868,0.35293738847619627,-0.24126579338216986
5.988002104828868,0.6713926682972642,0.6563144356915424
6.030171133736113,0.620862393680245,-0.06590409178388901
6.030171133736113,0.5625930010777426,0.38541805940561336
6.030171133736113,1.0436187269750903,0.20044008499787014
6.030171133736113,0.759279639966052,-0.5580972193886363
6.030171133736113,0.4958765000342532,0.11193783786282085
6.030171133736113,0.7237012114913696,-0.04887111719069004
6.030171133736113,0.17836464829375542,0.3566313921821662
6.030171133736113,0.5329351152738926,0.20904710001177107
6.072340162643359,0.5352015302679587,0.5426872470059809
6.072340162643359,0.660122510837718,0.1343663367280084
6.072340162643359,0.39396919105497535,-0.2973569258394978
6.072340162643359,0.5940451598333587,0.810185477329008
6.072340162643359,1.0266887048986817,0.14265810184031086
6.072340162643359,1.0652613079646778,0.2507625100514657
6.072340162643359,0.6948766112371494,0.12051990119524575
6.072340162643359,0.8414799242563002,0.7189737717823204
6.114509191550605,0.7801261504178578,0.20965598347155673
6.114509191550605,0.8273044250276467,0.1495030171289145
6.114509191550605,0.6832190731546604,0.38983971025445613
6.114509191550605,1.147824647038591,0.12197181663207879
6.114509191550605,0.8919060230712071,-0.4090180471697299
6.114509191550605,0.9526968452729632,0.41304936580694646
6.114509191550605,0.4974964346080796,-0.023012718366706597
6.114509191550605,0.3643626506977825,1.0091753841946334
6.15667822045785,0.621773713058877,0.6208784557236031
6.15667822045785,0.2911939920576653,0.6343942378590797
6.15667822045785,0.5020738881476595,0.10196839552892822
6.15667822045785,-0.05597324711044749,0.4775399701689683
6.15667822045785,0.408641167396535,0.026058143750559926
6.15667822045785,0.893688486662393,0.5203742441058659
6.15667822045785,1.4038006014070592,0.9107888462838392
6.15667822045785,0.8983593145319523,-0.11978569216843854
6.1988472493650955,0.8512519792099711,0.03902250084800682
6.1988472493650955,1.432467082700878,1.0152603134444809
6.1988472493650955,0.9026876417235697,0.7340364826408496
6.1988472493650955,1.260056584293842,0.5609813720955816
6.1988472493650955,0.7373513195773691,0.266203442670647
6.1988472493650955,0.5301690234858066,0.8474713760639864
6.1988472493650955,0.4714386154370192,0.2200068922349144
6.1988472493650955,1.0082272815231508,0.10012655948049551
6.241016278272341,1.033255330560067,0.3211530537925978
6.241016278272341,1.754712952752119,1.2950752550702658
6.241016278272341,1.1200352659662935,0.08395743940238187
6.241016278272341,1.110320850005678,0.6987584691988259
6.241016278272341,1.1212961583353536,0.3810982097308001
6.241016278272341,0.8730641761677285,0.5487858588052855
6.241016278272341,0.947549637024723,0.157610363427323
6.241016278272341,1.022031639725266,0.1038282033100082
6.283185307179586,1.2469050348472048,0.4170718779563078
6.283185307179586,0.6870367115981602,0.1203942479037143
6.283185307179586,0.7995156169494169,0.7408524489364714
6.283185307179586,0.8813881191623423,0.3291303093844102
6.283185307179586,0.4374759159901692,0.11528543267965284
6.283185307179586,0.2046623505541939,0.601590985156611
6.283185307179586,0.5372700288936698,0.2288893584447024
6.283185307179586,1.0274786003564333,0.4400204170343927
